{
  "accuracy": [
    0.947866678237915,
    0.9839333295822144,
    0.9880666732788086,
    0.9908000230789185,
    0.9906666874885559,
    0.9904000163078308,
    0.9914000034332275,
    0.993066668510437,
    0.993066668510437,
    0.995199978351593,
    0.9939333200454712,
    0.9955333471298218,
    0.9952666759490967,
    0.996066689491272,
    0.9957333207130432,
    0.9957333207130432,
    0.9959333539009094,
    0.9958666563034058,
    0.9968000054359436,
    0.9968666434288025,
    0.9968666434288025,
    0.9981333613395691,
    0.9979333281517029,
    0.9803333282470703,
    0.9905999898910522,
    0.9940000176429749,
    0.9954000115394592,
    0.9979333281517029,
    0.9981333613395691,
    0.9979333281517029
  ],
  "val_accuracy": [
    0.9926666617393494,
    0.9956666827201843,
    0.9973333477973938,
    0.9973333477973938,
    0.9986666440963745,
    0.9983333349227905,
    0.996666669845581,
    0.9956666827201843,
    0.996999979019165,
    0.9983333349227905,
    0.9986666440963745,
    0.9993333220481873,
    0.9986666440963745,
    0.9993333220481873,
    0.9993333220481873,
    0.999666690826416,
    0.9986666440963745,
    0.9990000128746033,
    0.9990000128746033,
    0.9993333220481873,
    0.9990000128746033,
    0.9983333349227905,
    0.9990000128746033,
    0.9959999918937683,
    0.9983333349227905,
    0.9980000257492065,
    0.9990000128746033,
    0.9990000128746033,
    0.9990000128746033,
    0.9990000128746033
  ],
  "loss": [
    0.17638461291790009,
    0.057195719331502914,
    0.04016731679439545,
    0.030662870034575462,
    0.03237300366163254,
    0.02964848093688488,
    0.02805648185312748,
    0.02384723350405693,
    0.024200493469834328,
    0.01735324040055275,
    0.018087053671479225,
    0.013026772998273373,
    0.01430774200707674,
    0.012592367827892303,
    0.014197385869920254,
    0.013601328246295452,
    0.013122988864779472,
    0.013225945644080639,
    0.01137520931661129,
    0.009790626354515553,
    0.009699014015495777,
    0.006229212041944265,
    0.006954350508749485,
    0.06712447851896286,
    0.029566248878836632,
    0.02282698079943657,
    0.013561575673520565,
    0.007942385971546173,
    0.007510784547775984,
    0.00540531100705266
  ],
  "val_loss": [
    0.026423538103699684,
    0.018553776666522026,
    0.010532398708164692,
    0.008837476372718811,
    0.006529651582241058,
    0.006340498570352793,
    0.007274331524968147,
    0.012460216879844666,
    0.009413337334990501,
    0.004455832298845053,
    0.003267662599682808,
    0.0031848058570176363,
    0.004163467325270176,
    0.002680107718333602,
    0.002355438657104969,
    0.0016907762037590146,
    0.0036543214228004217,
    0.0038264256436377764,
    0.0033927801996469498,
    0.0032133925706148148,
    0.0034817378036677837,
    0.0036288422998040915,
    0.0034437368158251047,
    0.013969024643301964,
    0.006738721858710051,
    0.006357142236083746,
    0.0023422925733029842,
    0.0028891172260046005,
    0.0024752861354500055,
    0.0029248748905956745
  ]
}